fibercontent ,Aspect ratio,fiberLength ,fine aggregate,coarse aggregate,water,additivecontent,silicafumecontent,slagcontent,flyashcontent,metakaolincontent,cementecontent,flexuralstrength
0.0,0.00,0,751.5,1012.50,162,0.00,0,0,0,0,450.00,4.36
23.6,46.67,35,751.5,1012.50,162,0.00,0,0,0,0,450.00,4.66
47.1,46.67,35,751.5,1012.5,162,0.00,0,0,0,0,450.00,5.07
70.7,46.67,35,751.5,1012.5,162,0.00,0,0,0,0,450.00,5.4100
0.0,0.00,0,784.08,1091.88,178.2,0.00,0,0,0,0,324.00,4.7400
0.0,0.00,0,471.416,656.476,107.14,0.61,31.168,97.4,0,0,194.80,5.5600
39.3,60.00,30,471.416,656.476,107.14,3.68,31.168,97.4,0,0,194.80,6.2500
78.5,60.00,30,471.416,656.476,107.14,5.57,31.168,97.4,0,0,194.80,6.4300
117.8,60.00,30,471.416,656.476,107.14,7.38,31.168,97.4,0,0,194.80,6.5800
157.0,60.00,30,471.416,656.476,107.14,8.32,31.168,97.4,0,0,195.80,6.6900
78.5,50.00,30,931,755,184,0.00,0,0,0,0,378.00,6.3400
157.0,50.00,30,915,749,186,0.00,0,0,0,0,378.00,8.2400
0.0,0.00,0,471,1026,162,0.00,0,0,0,0,300.00,5.4000
30.0,80.00,60,471,1026,162,0.00,0,0,0,0,300.00,8.3000
60.0,80.00,60,471,1026,162,0.00,0,0,0,0,300.00,9.8000
0.0,0.00,0,446.6,981.75,169.4,0.00,0,0,0,0,385.00,7.8000
30.0,80.00,60,446.6,981.75,169.4,0.00,0,0,0,0,385.00,9.4000
60.0,80.00,60,446.6,981.75,169.4,0.00,0,0,0,0,385.00,11.4000
0.0,0.00,0,900,1048.5,157.5,11.25,0,0,0,0,450.00,5.8000
19.6,80.00,60,900,1048.5,157.5,12.50,0,0,0,0,450.00,7.2000
19.6,40.00,30,900,1048.5,157.5,16.00,0,0,0,0,450.00,7.2000
58.9,80.00,60,900,1048.5,157.5,13.75,0,0,0,0,450.00,7.8000
58.9,40.00,30,900,1048.5,157.5,19.50,0,0,0,0,450.00,7.4000
0.0,0.00,0,810,943.65,141.75,10.00,0,0,0,44.55,405.00,7.1000
19.6,80.00,60,810,943.65,141.75,11.25,0,0,0,44.55,405.00,7.7000
19.6,40.00,30,810,943.65,141.75,19.50,0,0,0,44.55,405.00,7.5000
58.9,80.00,60,810,943.65,141.75,13.00,0,0,0,44.55,405.00,8.1000
58.9,40.00,30,810,943.65,141.75,20.00,0,0,0,44.55,405.00,7.9000
0.0,0.00,0,938,938,175,4.75,0,0,0,0,350.00,5.3000
19.6,80.00,60,938,938,175,4.75,0,0,0,0,350.00,6.3000
19.6,40.00,30,938,938,175,6.00,0,0,0,0,350.00,6.2000
58.9,80.00,60,938,938,175,7.50,0,0,0,0,350.00,6.5000
58.9,40.00,30,938,938,175,10.25,0,0,0,0,350.00,6.1000
0.0,0.00,0,935.55,935.55,157.5,6.25,0,0,0,34.65,315.00,6.1000
19.6,80.00,60,935.55,935.55,157.5,6.75,0,0,0,34.65,315.00,6.9000
19.6,40.00,30,935.55,935.55,157.5,12.50,0,0,0,34.65,315.00,6.5000
58.9,80.00,60,935.55,935.55,157.5,8.50,0,0,0,34.65,315.00,7.2000
58.9,40.00,30,935.55,935.55,157.5,11.00,0,0,0,34.65,315.00,6.7000
0.0,0.00,0,732,1384,204,0.00,0,0,0,0,400.00,4.2000
20.0,21.25,17,732,1384,204,0.00,0,0,0,0,400.00,4.9000
40.0,21.25,17,732,1384,204,0.00,0,0,0,0,400.00,5.5000
60.0,21.25,17,732,1384,204,0.00,0,0,0,0,400.00,5.8000
20.0,21.25,17,732,1384,204,0.00,0,0,0,0,400.00,4.4000
40.0,21.25,17,732,1384,204,0.00,0,0,0,0,400.00,4.8000
60.0,21.25,17,732,1384,204,0.00,0,0,0,0,400.00,5.2000
40.0,61.90,17,944,960,192,5.08,0,0,0,0,320.00,4.7000
75.0,61.90,17,944,960,192,5.08,0,0,0,0,320.00,5.0000
40.0,54.55,17,944,960,192,5.08,0,0,0,0,320.00,4.3000
75.0,54.55,17,944,960,192,5.08,0,0,0,0,320.00,5.0000
25.0,80.00,60,987.9,987.9,185,0.62,0,0,0,0,370.00,4.8700
0.0,0.00,0,920.15,881.65,177.1,2.31,0,0,0,0,385.00,4.4500
39.0,80.00,60,912.45,873.95,177.1,3.85,0,0,0,0,385.00,6.2400
78.0,80.00,60,904.75,870.1,177.1,4.62,0,0,0,0,385.00,8.2300
0.0,80.00,60,913.5,877.5,162,4.95,0,0,0,0,450.00,6.3000
39.0,80.00,60,904.5,868.5,162,5.85,0,0,0,0,450.00,8.3500
78.0,80.00,60,900,864,162,6.75,0,0,0,0,450.00,9.5700
0,0.00,0.00,851.00,877.00,156,4.68,52,0,0,0,468,8.38
19.625,80.00,60.00,847.00,873.00,156,5.148,52,0,0,0,468,8.93
39.25,80.00,60.00,844.00,870.00,156,5.148,52,0,0,0,468,9.97
58.875,80.00,60.00,841.00,867.00,156,5.616,52,0,0,0,468,10.61
78.5,80.00,60.00,838.00,863.00,156,5.616,52,0,0,0,468,12.58
0.0,0.00,0,777.4,947.6,170.2,6.60,0,0,0,0,460.00,4.9700
20.0,63.64,35,777.4,947.6,170.2,6.60,0,0,0,0,460.00,6.5000
40.0,63.64,35,777.4,947.6,170.2,6.60,0,0,0,0,460.00,6.5800
60.0,63.64,35,777.4,947.6,170.2,6.60,0,0,0,0,460.00,6.4000
80.0,63.64,35,777.4,947.6,170.2,6.60,0,0,0,0,460.00,6.0800
39.0,55.00,27.5,563.74,1191,194.53,0.00,0,0,0,0,397.00,1.4700
58.0,55.00,27.5,563.74,1191,194.53,0.00,0,0,0,0,397.00,1.4300
78.0,55.00,27.5,563.74,1191,194.53,0.00,0,0,0,0,397.00,1.8300
39.0,82.00,41,563.74,1191,194.53,0.00,0,0,0,0,397.00,1.7900
58.0,82.00,41,563.74,1191,194.53,0.00,0,0,0,0,397.00,1.6200
78.0,82.00,41,563.74,1191,194.53,0.00,0,0,0,0,397.00,2.3000
39.0,55.00,27.5,491.15,1121.89,196.46,9.08,0,0,0,0,517.00,1.4500
58.0,55.00,27.5,491.15,1121.89,196.46,9.08,0,0,0,0,517.00,1.7800
78.0,55.00,27.5,491.15,1121.89,196.46,9.08,0,0,0,0,517.00,2.5500
39.5,60.00,12,725.58,1084.2,175.14,4.20,0,0,0,0,417.00,2.0556
79.0,60.00,12,725.58,1084.2,175.14,4.20,0,0,0,0,417.00,2.4137
118.5,60.00,12,725.58,1084.2,175.14,4.20,0,0,0,0,417.00,2.9252
158.0,60.00,12,725.58,1084.2,175.14,4.20,0,0,0,0,417.00,3.6302
39.5,60.00,30,725.58,1084.2,175.14,4.20,0,0,0,0,417.00,2.1401
79.0,60.00,30,725.58,1084.2,175.14,4.20,0,0,0,0,417.00,4.4079
118.5,60.00,30,725.58,1084.2,175.14,4.20,0,0,0,0,417.00,4.9959
158.0,60.00,30,725.58,1084.2,175.14,4.20,0,0,0,0,417.00,5.5208
39.5,60.00,45,725.58,1084.2,175.14,4.20,0,0,0,0,417.00,1.9731
79.0,60.00,45,725.58,1084.2,175.14,4.20,0,0,0,0,417.00,2.1401
118.5,60.00,45,725.58,1084.2,175.14,4.20,0,0,0,0,417.00,3.6933
158.0,60.00,45,725.58,1084.2,175.14,4.20,0,0,0,0,417.00,4.4289
20.0,80.00,60,788.5,888.25,213.75,0.00,0,0,0,0,475.00,3.6400
40.0,80.00,60,788.5,888.25,213.75,0.00,0,0,0,0,475.00,4.7300
60.0,80.00,60,788.5,888.25,213.75,0.00,0,0,0,0,475.00,6.1800
117.2,43.48,30,1002,798,88,7.87,0,0,0,0,200.00,5.5100
195.3,43.48,30,1002,798,88,9.68,0,0,0,0,200.00,5.9300
312.4,43.48,30,1002,798,88,16.94,0,0,0,0,200.00,7.3500
0.0,0.00,0,690.69,990.99,214.5,0.21,0,0,0,0,429.00,5.4000
39.3,64.81,35,690.69,990.99,214.5,0.21,0,0,0,0,429.00,5.3800
78.5,64.81,35,690.69,990.99,214.5,0.21,0,0,0,0,429.00,6.7000
39.3,65.22,60,690.69,990.99,214.5,0.21,0,0,0,0,429.00,5.5900
78.5,65.22,60,690.69,990.99,214.5,0.21,0,0,0,0,429.00,5.9500
0.0,0.00,0,733.59,990.99,193.05,0.47,0,0,0,0,429.00,6.1000
39.3,64.81,35,733.59,990.99,193.05,0.47,0,0,0,0,429.00,5.6000
78.5,64.81,35,733.59,990.99,193.05,0.47,0,0,0,0,429.00,5.4800
39.3,65.22,60,733.59,990.99,193.05,0.47,0,0,0,0,429.00,6.0400
78.5,65.22,60,733.59,990.99,193.05,0.47,0,0,0,0,429.00,6.0100
0.0,0.00,0,729.12,1189.44,194.88,0.00,0,0,0,0,336.00,4.8000
78.5,40.00,30,749.28,1145.76,194.88,0.00,0,0,0,0,336.00,5.3000
78.5,53.33,40,749.28,1145.76,194.88,0.00,0,0,0,0,336.00,6.0000
78.5,66.67,50,749.28,1145.76,194.88,0.00,0,0,0,0,336.00,6.5000
78.5,80.00,60,749.28,1145.76,194.88,0.00,0,0,0,0,336.00,7.4500
0,0,0,630.41,1125.36,171.93,5.21,0,0,0,0,521.00,6.4000
78.5,40,30,651.25,1078.47,171.93,5.21,0,0,0,0,521.00,7.2000
78.5,53.33,40,651.25,1078.47,171.93,5.21,0,0,0,0,521.00,7.7000
78.5,66.67,50,651.25,1078.47,171.93,5.21,0,0,0,0,521.00,8.2000
78.5,80.00,60,651.25,1078.47,171.93,5.21,0,0,0,0,521.00,8.8000
0,0.00,0,626,1216.00,170.00,0,0,0,0,0,340.00,6.2000
19.5,70.00,35,626,1210.00,170.00,0,0,0,0,0,340.00,7.0000
39,70.00,35,626,1203.00,170.00,0,0,0,0,0,340.00,8.3000
78,70.00,35,626,1196.00,170.00,0,0,0,0,0,340.00,9.2000
0,0.00,0,602,1222.00,163.00,0.43,0,0,0,0,340.00,7.4000
39,70.00,35,604,1226.00,158.00,0.43,0,0,0,0,340.00,7.7000
78,70.00,35,604,1220.00,158.00,0.43,0,0,0,0,340.00,8.1000
0,0.00,0,593,1232.00,146.00,0.76,0,0,0,0,340.00,7.0000
19.5,70.00,35,593,1226.00,146.00,0.76,0,0,0,0,340.00,7.2000
39,70.00,35,593,1219.00,146.00,0.76,0,0,0,0,340.00,8.7000
78,70.00,35,593,1212.00,146.00,0.76,0,0,0,0,340.00,10.9000
0,0.00,0,756,1135.00,140.00,4,0,0,0,0,400.00,7.8200
19.63,64.00,35,754,1131.00,140.00,4,0,0,0,0,400.00,7.3800
39.25,64.00,35,751,1127.00,140.00,4,0,0,0,0,400.00,7.3700
78.5,64.00,35,746,1119.00,140.00,4,0,0,0,0,400.00,8.2400
117.75,64.00,35,740,1111.00,140.00,4,0,0,0,0,400.00,10.1400
0,0.00,0,750,1124.00,140.00,4,0,0,60,0,340.00,6.7100
19.63,64.00,35,747,1120.00,140.00,4,0,0,60,0,340.00,6.7600
39.25,64.00,35,744,1116.00,140.00,4,0,0,60,0,340.00,6.9600
78.5,64.00,35,739,1108.00,140.00,4,0,0,60,0,340.00,7.6200
117.75,64.00,35,734,1100.00,140.00,4,0,0,60,0,340.00,9.0700
0,0.00,0,742,1114.00,140.00,4,0,0,120,0,280.00,5.8900
19.63,64.00,35,740,1109.00,140.00,4,0,0,120,0,280.00,6.0800
39.25,64.00,35,737,1106.00,140.00,4,0,0,120,0,280.00,6.5300
78.5,64.00,35,732,1097.00,140.00,4,0,0,120,0,280.00,6.4500
117.75,64.00,35,726,1090.00,140.00,4,0,0,120,0,280.00,8.0900
0,0.00,0,632.79,1318.91,195.53,0,0,0,0,0,355.50,3.0600
19.625,15.00,18.3,632.79,1318.91,195.53,0,0,0,0,0,355.50,3.1900
39.25,15.00,18.3,632.79,1318.91,195.53,0,0,0,0,0,355.50,3.7500
58.875,15.00,18.3,632.79,1318.91,195.53,0,0,0,0,0,355.50,3.6800
19.625,25.00,30.5,632.79,1318.91,195.53,0,0,0,0,0,355.50,3.2600
39.25,25.00,30.5,632.79,1318.91,195.53,0,0,0,0,0,355.50,3.8900
58.875,25.00,30.5,632.79,1318.91,195.53,0,0,0,0,0,355.50,3.5400
19.625,35.00,42.7,632.79,1318.91,195.53,0,0,0,0,0,355.50,3.4000
39.25,35.00,42.7,632.79,1318.91,195.53,0,0,0,0,0,355.50,3.8200
58.875,35.00,42.7,632.79,1318.91,195.53,0,0,0,0,0,355.50,3.6100
0,0.00,0,756,1135.00,140.00,4,0,0,0,0,400.00,7.8200
39.25,63.64,35,751,1127.00,140.00,4,0,0,0,0,400.00,7.3700
78.5,63.64,35,746,1119.00,140.00,4,0,0,0,0,400.00,8.2400
117.75,63.64,35,740,1111.00,140.00,4,0,0,0,0,400.00,10.1400
0,0.00,0,750,1124.00,140.00,4,0,0,60,0,340.00,6.7100
39.25,63.64,35,744,1116.00,140.00,4,0,0,60,0,340.00,6.9600
78.5,63.64,35,739,1108.00,140.00,4,0,0,60,0,340.00,7.6200
117.75,63.64,35,734,1100.00,140.00,4,0,0,60,0,340.00,9.0700
0,0.00,0,742,1114.00,140.00,4,0,0,120,0,280.00,5.8900
39.25,63.64,35,737,1106.00,140.00,4,0,0,120,0,280.00,6.5300
78.5,63.64,35,732,1097.00,140.00,4,0,0,120,0,280.00,6.4500
117.75,63.64,35,726,1090.00,140.00,4,0,0,120,0,280.00,8.6900
20,65.00,60,857.77,1063.64,188.71,0,0,0,0,0,343.00,3.0200
28,65.00,60,857.77,1063.64,188.71,0,0,0,0,0,343.00,2.8400
46,65.00,60,857.77,1063.64,188.71,0,0,0,0,0,343.00,3.3800
20,80.00,59.55,857.77,1063.64,188.71,0,0,0,0,0,343.00,3.0100
28,80.00,59.55,857.77,1063.64,188.71,0,0,0,0,0,343.00,2.8900
46,80.00,59.55,857.77,1063.64,188.71,0,0,0,0,0,343.00,3.2500
0,0.00,0,857.77,1063.64,188.71,0,0,0,0,0,343.00,2.9000
0,0.00,0,711,1006.00,207.00,0,0,0,0,0,421.00,3.7600
78,50.00,34,711,1006.00,207.00,0,0,0,0,0,421.00,5.3300
117,50.00,34,711,1006.00,207.00,0,0,0,0,0,421.00,5.4800
156,50.00,34,711,1006.00,207.00,0,0,0,0,0,421.00,6.2200
195,50.00,34,711,1006.00,207.00,0,0,0,0,0,421.00,5.2800
78,70.00,47.6,711,1006.00,207.00,0,0,0,0,0,421.00,5.3800
117,70.00,47.6,711,1006.00,207.00,0,0,0,0,0,421.00,4.4000
156,70.00,47.6,711,1006.00,207.00,0,0,0,0,0,421.00,6.5500
195,70.00,47.6,711,1006.00,207.00,0,0,0,0,0,421.00,6.4800
0,0.00,0,785,1120.00,183.00,1.905,0,0,0,0,381.00,5.0500
20,66.67,50,785,1120.00,183.00,1.905,0,0,0,0,381.00,5.6400
30,66.67,50,785,1120.00,183.00,1.905,0,0,0,0,381.00,5.1000
40,66.67,50,785,1120.00,183.00,1.905,0,0,0,0,381.00,5.2900
0,0.00,0.00,814,1221,183.15,0,0,0,0,0,407.00,3.4500
39.25,47.17,25.00,814,1221,183.15,0,0,0,0,0,407.00,4.3300
78.5,47.17,25.00,814,1221,183.15,0,0,0,0,0,407.00,5.1000
117.75,47.17,25.00,814,1221,183.15,0,0,0,0,0,407.00,5.7300
0,0.00,0.00,680,1116,140,7.31,61,0,0,0,584.00,9.2000
80,63.64,35.00,721,1089,140,7.28,56,0,0,0,504.00,10.9000
100,63.64,35.00,726,1067,140,7.84,56,0,0,0,504.00,12.3000
120,63.64,35.00,750,1044,140,7.84,56,0,0,0,504.00,13.1000
0,0.00,0.00,705.6855,1108.19,182.96,0,0,0,0,0,522.73,5.3500
78,40.32,50.00,705.6855,1108.19,182.96,0,0,0,0,0,522.73,7.5000
78,20.16,25.00,705.6855,1108.19,182.96,0,0,0,0,0,522.73,7.1600
117,40.32,50.00,705.6855,1108.19,182.96,0,0,0,0,0,522.73,9.4400
117,20.16,25.00,705.6855,1108.19,182.96,0,0,0,0,0,522.73,7.7300
156,40.32,50.00,705.6855,1108.19,182.96,0,0,0,0,0,522.73,10.7200
156,20.16,25.00,705.6855,1108.19,182.96,0,0,0,0,0,522.73,8.1100
0,0.00,0.00,664.5,1181.3,172,2.7,0,0,0,0,347.50,5.2000
39,66.67,60.00,674.3,1159.5,172,2.7,0,0,0,0,347.50,5.9000
58.9,66.67,60.00,679.2,1148.6,172,2.7,0,0,0,0,347.50,6.8500
78.5,66.67,60.00,684.9,1137.8,172,2.7,0,0,0,0,347.50,8.4000
117,66.67,60.00,693.7,1115.1,172,2.7,0,0,0,0,347.50,9.7000
0,0.00,0.00,660.8,1078.2,164,4.9,0,0,0,0,451.80,6.7200
39,66.67,60.00,671.2,1055.8,164,4.9,0,0,0,0,451.80,7.0500
58.9,66.67,60.00,681.5,1033.5,164,4.9,0,0,0,0,451.80,7.4100
78.5,66.67,60.00,691.9,1011.1,164,4.9,0,0,0,0,451.80,9.7800
117,66.67,60.00,702.2,988.8,164,4.9,0,0,0,0,451.80,11.9400
0,0.00,0.00,1069,763,192,4.9,0,0,0,0,325.00,6.9500
15,60.00,30.00,1056,753,192,4.9,0,0,0,0,325.00,7.7800
30,60.00,30.00,1060,755,192,4.9,0,0,0,0,325.00,8.0500
45,60.00,30.00,1052,749,192,4.9,0,0,0,0,325.00,8.9300
60,60.00,30.00,1059,752,192,4.9,0,0,0,0,325.00,9.3200
15,80.00,60.00,1064,758,192,4.9,0,0,0,0,325.00,8.4500
30,80.00,60.00,1060,755,192,4.9,0,0,0,0,325.00,8.7500
45,80.00,60.00,1058,753,192,4.9,0,0,0,0,325.00,9.2100
60,80.00,60.00,1053,750,192,4.9,0,0,0,0,325.00,9.7200
20,66.67,60.00,871,758,222,0,0,0,0,0,418.00,3.8400
40,66.67,60.00,871,758,222,0,0,0,0,0,418.00,4.3500
60,66.67,60.00,871,758,222,0,0,0,0,0,418.00,4.9100
80,66.67,60.00,871,758,222,0,0,0,0,0,418.00,4.3100
40,66.67,60.00,971,758,222,0,0,0,0,0,299.00,4.3100
20,66.67,60.00,730,758,223,7.33,0,0,0,0,584.00,4.2400
40,66.67,60.00,730,758,223,7.33,0,0,0,0,584.00,5.0300
60,66.67,60.00,730,758,223,7.33,0,0,0,0,584.00,5.0900
80,66.67,60.00,730,758,223,7.33,0,0,0,0,584.00,5.7900
40,80.00,60.00,730,758,223,7.33,0,0,0,0,584.00,4.9600
40,63.64,60.00,730,758,223,7.33,0,0,0,0,584.00,4.9000
0,0.00,0.00,835,1047,152,4,0,0,0,0,400.00,5.7000
39.25,65.04,40.00,835,1047,152,4,0,0,0,0,400.00,5.9000
78.5,65.04,40.00,835,1047,152,4,0,0,0,0,400.00,6.6900
39.25,80.00,60.00,835,1047,152,4,0,0,0,0,400.00,6.1000
0.00,0.00,0.00,1037,656.00,158.5,10.95,0,0,0,0,438.00,5.9400
39.25,46.15,30.00,1029,651.00,158.7,10.95,0,0,0,0,438.00,6.1400
78.5,46.15,30.00,1021,646.00,159,10.95,0,0,0,0,438.00,6.3100
117.75,46.15,30.00,1015,641.00,159,10.95,0,0,0,0,438.00,7.7500
39.25,66.67,60.00,1029,651.00,158.7,10.95,0,0,0,0,438.00,6.2400
78.5,66.67,60.00,1021,646.00,159,10.95,0,0,0,0,438.00,8.0800
117.75,66.67,60.00,1015,641.00,159,10.95,0,0,0,0,438.00,9.3300
39.25,80.00,60.00,1029,651.00,158.7,10.95,0,0,0,0,438.00,6.4200
78.5,80.00,60.00,1021,646.00,159,10.95,0,0,0,0,438.00,9.7400
117.75,80.00,60.00,1015,641.00,159,10.95,0,0,0,0,438.00,10.7600
0.0,0.00,0,798,1078,157.5,0.42,0,0,0,0,350.00,4.3500
39.0,64.52,40,798,1078,157.5,0.42,0,0,0,0,350.00,4.5100
78.0,64.52,40,798,1078,157.5,0.42,0,0,0,0,350.00,5.4100
117.0,64.52,40,798,1078,157.5,0.42,0,0,0,0,350.00,9.7500
39.0,80.65,50,798,1078,157.5,0.42,0,0,0,0,350.00,5.4300
78.0,80.65,50,798,1078,157.5,0.42,0,0,0,0,350.00,7.3100
117.0,80.65,50,798,1078,157.5,0.42,0,0,0,0,350.00,9.9300
39.0,80.00,60,798,1078,157.5,0.42,0,0,0,0,350.00,5.9300
78.0,80.00,60,798,1078,157.5,0.42,0,0,0,0,350.00,9.2000
117.0,80.00,60,798,1078,157.5,0.42,0,0,0,0,350.00,9.6000
0.0,0.00,0,673.44,1179.32,185,2.06,0,0,0,0,308,4.36
28.0,66.67,60,673.44,1179.32,185,2.06,0,0,0,0,308,4.87
28.0,40.00,40,673.44,1179.32,185,2.06,0,0,0,0,308,4.86
28.0,29.00,29,673.44,1179.32,185,2.06,0,0,0,0,308,4.19
27.0,50.00,25,673.44,1179.32,185,2.06,0,0,0,0,308,4.49
0.0,0.00,0,1049.23,760,230.7692308,0.84,0,0,0,0,338.46,6.40
39.3,80.00,60,1049.23,760,230.7692308,0.84,0,0,0,0,338.46,7.10
58.9,80.00,60,1049.23,760,230.7692308,0.84,0,0,0,0,338.46,7.30
78.5,80.00,60,1049.23,760,230.7692308,0.84,0,0,0,0,338.46,7.80
98.1,80.00,60,1049.23,760,230.7692308,0.84,0,0,0,0,338.46,7.90
0.0,0.0,0.0,557,1114,206.09,11.14,0,0,0,0,557,5.64
39.3,75.00,60,557,1114,206.09,11.14,0,0,0,0,557,5.88
78.5,75.00,60,557,1114,206.09,11.14,0,0,0,0,557,7.95
0.0,0.0,0.0,718.68,1078.02,143.736,35.93,0,0,0,0,598.9,7.04
39.3,75.00,60,718.68,1078.02,143.736,35.93,0,0,0,0,598.9,7.24
78.5,75.00,60,718.68,1078.02,143.736,35.93,0,0,0,0,598.9,9.75
0.0,0.0,0.0,604.2,1208.4,138.966,36.25,120.84,0,0,0,483.36,9.36
39.3,75.00,60,604.2,1208.4,138.966,36.25,120.84,0,0,0,483.36,10.13
78.5,75.00,60,604.2,1208.4,138.966,36.25,120.84,0,0,0,483.36,11.23
0.0,0.00,0,1170,680,199.95,6.60,35,0,0,0,465.00,5.55
39.2,54.55,30,1170,680,199.95,6.70,35,0,0,0,465.00,6.97
78.5,54.55,30,1170,680,199.95,6.70,35,0,0,0,465.00,7.18
117.7,54.55,30,1170,680,199.95,6.80,35,0,0,0,465.00,6.37
0.0,0.00,0,848,1128,148,2.11,0,0,0,0,423,9.68
47.1,75.00,60,848,1128,148,2.11,0,0,0,0,423,12.01
70.7,75.00,60,848,1128,148,2.11,0,0,0,0,423,13.14
94.2,75.00,60,848,1128,148,2.11,0,0,0,0,423,13.58
117.8,75.00,60,848,1128,148,2.11,0,0,0,0,423,16.47
